,0,1,2,3,4,5,6,7,8,9,10,11,12,13,14,15,16,17,18,19,20,21,22,23,24,25,26,27,28,29,30,31,32,33,34,35,36,37,38,39,40,41,42,43,44,45,46,47,48,49,50,51,52,53,54,55,56,57,58,59,60,61,62,63,64,65,66,67,68,69,70,71,72,73,74,75,76,77,78,79,80,81,82,83,84,85,86,87,88,89,90,91,92,93,94,95,96,97,98
0,"['Makita HR2600 Electric Rotary Hammer Drill 800W 26mm', 589.5]","['Makita B-65779 Smooth Face Claw Hammer', 150.0]","['Makita Electric Hammer Drill, 680w, 16mm, HP1640K', 285.0]","['Makita HR1841F Electric Rotary Hammer Drill 470W 18mm', 325.0]","['Makita Demolition Hammer HM0810T - 17mm Hex Shank Chipping Hammer', 561.55]","['Makita HP347DWE 14.4V G Series Li-Ion Hammer Drill', 1640.0]","['Makita HR2475-24mm (15/16"") - SDS-PLUS Combination Hammer', 589.0]","['Makita HR2020 - Rotary Hammer', 785.0]","['Makita Brushless/Cordless Hammer Drill, 18 V, 50/25 Nm, 1,7kg, LED, DHP485Z', 560.0]","['Makita HR2630 800W Rotary Hammer, 26 mm Concrete Capacity', 655.0]","['Makita HM1203C Demolition Hammer, SDS Max Shank, AVT, 1510W', 475.65]","['Makita DHP483RFJ 18V Li-Ion Hammer Drill', 705.0]","['Makita HR2631FT Combination Hammer Drill with Quick Change Chuck, 26 mm', 3249.62]","['Makita HP2070 2 Speed Hammer Drill, 20 mm Size, 1010W', 1470.0]","['Makita D-16287/29103 PT ACC SDS Plus Hammer Drill Bit, 16 mm Diameter', 1209.16]","['Makita B-12217 Thin Cutting Wheels - Flat Center (B-series) 115x1.0x22.23mm', 640.0]","['Makita Cordless Hammer Drill 18V, 91/58 Nm, DHP458Z', 29.96]","['Makita DHR171Z - 18V Lithium-Ion Cordless Sub-Compact Rotary Hammer, W/Out Battery', 4.55]","['Makita 00505 SDS-Plus Hammers Drill Bit, 7 mm Diameter x 160 mm Overall Length', 502.21]","['Makita Cordless Rotary Hammer, 18 V, Sds-Plus, LED, DHR165Z', 622.61]","['Makita D-59178 18 Pc. Assorted Drill Bit Set', 11.3]","['Makita D-00169/00555 SDS-Plus Hammers Drill Bit, 9 mm Diameter x 210 mm Overall Length', 760.47]","['Makita D00337/00723 SDS-Plus Hammers Drill Bit, 18 mm Diameter x 300 mm Overall Length', 13.51]","['Makita B-65947 Screw driver PZ1 (#1X80)', 25.22]","['Makita D-00016/00402 SDS-Plus Hammers Drill Bit, 4 mm Diameter x 110 mm Overall Length', 13.0]","['Makita D-00315/00701 SDS-Plus Hammers Drill Bit, 17 mm Diameter x 210 mm Overall Length', 11.3]","['Makita D-00290/D-00686 SDS-Plus Hammers Drill Bit, 16 mm Diameter x 210 mm Overall Length', 22.37]","['Makita HP2050 Electric Impact Drill 720W 16mm', 17.94]","['DANNIO Rotary Hammer Drill with Dual Drill Modes, 360° Rotating Auxiliary Handle, 26mm SDS-Plus, Concrete Power Tools with Case - 800 Watts (DN-26)', 515.93]","['Makita D-17566 PT ACC SDS Plus Hammer Drill Bit, 18 mm Diameter', 168.5]","['Makita 181490-7 Hammer Grease 30g for All Makes SDS Hammer Drills', 35.03]","['Makita HP457DWE - 18V G-Series Lithium-ion Cordless Percussion Driver Drill, 13mm, with 2 x 18V 1.5Ah Batteries and Charger', 13.0]","['Bosch Impact Drill Professional, GSB 1300, 2724456668901, Blue', 223.0]","['Makita D-00262/D-00658 SDS-Plus Hammers Drill Bit, 14 mm Diameter x 160 mm Overall Length', 13.83]","['Makita DHR242RMJ 18 V Li-ion LXT Brushless Rotary Hammer Complete with 2 x 4.0 Ah Li-ion Batteries and Charger in a Makpac Case', 2164.61]","['Makita D00022/00418 SDS-Plus Hammers Drill Bit, 5 mm Diameter x 110 mm Overall Length', 11.3]","['Makita XRH05Z 18V X2 LXT Lithium-Ion (36V) Cordless 1-Inch Rotary Hammer, accepts SDS-PLUS bits, Tool Only', 1594.86]","['Makita Cordless Hammer 10.8 V Sds-Plus Led No Battery Charger, HR140DZ', 400.34]","['Makita D-00212 SDS-Plus Hammers Drill Bit, 11 mm Diameter x 160 mm Overall Length', 11.93]","['Makita D20111 SDS-Plus Drill & Chisel 13pcS', 105.0]","['Makita HR2630T Electric Combi Hammer Drill 800W 26mm', 961.76]","['Makita HR4511C 240 V AVT SDS Max Rotary Demolition Hammer in a Carry Case', 4133.2]","['Makita HM1201 Demolition Hammer', 2401.13]","['Makita Corded Electric HR2630T - Power Hammers', 1059.29]","['Makita DHP484Z 18v Lithium-Ion Cordless Percussion Driver Drill, 13mm, W/Out Battery', 510.34]","['Makita Electric Hammer Drill, 680w, 16mm, HP1640K', 380.0]","['Makita E-05228 Hammer and Tool Holder', 109.18]","['Makita DF333DZ 12V Max Li-ion CXT Drill Driver, 10.8 V', 204.36]","['Makita D-00175/00561 SDS-Plus Hammers Drill Bit, 10 mm Diameter x 160 mm Overall Length', 29.24]","['Makita E-05240 Hammer and Axe Holder', 142.37]","['Makita Cordless Drill, 18 V, 62/36 Nm, DDF482Z', 334.96]","['Makita 3709 Laminate Trimmer 6mm (1/4"")', 370.0]","['Makita DCL501Z 18V Li-Ion Cyclone Cleaner W/Out Battery', 1670.0]","['Makita XPH12Z 18V LXT Lithium-Ion Brushless Cordless 1/2"" Hammer Driver-Drill, Tool Only, 18 V, Teal', 1862.08]","['Makita 10.8V LXT Cordless Hammer Drill, HP331DWAE', 639.0]","['Bosch Solo Cordless Rotary, 06119110K0', 576.52]","['Makita 6413 Rotary Drill with Keyless Chuck 450W', 215.0]","['Makita Cordless Drill, 18V, 54/30 Nm, BL, DDF484Z', 586.48]","['Makita B-65654 Demolition Hammer HM0810T, 900W', 1500.0]","['Makita Cordles 18 V, 115/60 Hammer Drill, DHP481Z', 970.0]","['Makita DHR202RFJ 18v SDS+ Hammer Drill With 2x 3.0Ah Li-Ion Batteries Supplied In Makpac Case', 1505.81]","['Makita DHR182ZJ Rotary Hammer, 18 V', 1342.78]","['Makita Cordless Rotary Hammer, 2X18 V, Sds-Max, 8J Led, No Battery Charger! DHR400ZKU', 3798.88]","['Makita E-05197 Fixing Pouch Hammer Holder', 116.85]","['Makita D-54972 Hm1812/Hm1810 Hammer Carrier - Multi-Colour', 679.6]","['Makita D-16302 PT ACC SDS Plus Hammer Drill Bit, 24 mm Diameter', 121.02]","['Makita HR2810 Rotary Hammer, 28mm Long, 800W Capacity', 1211.05]","['Makita 18V LXT Cordless Driver Drill 13mm, DF457DWE', 670.0]","['Bosch GSB 180-LI Professional 18V Cordless Combi', 510.0]","['Makita DHR202RTJ 18v SDS+ Hammer Drill With 2x 5.0ah Li-Ion Batteries Supplied In Makpac Case', 1842.25]","['Makita HP1640KX3 Electric Impact Drill 680W + Bit Set', 410.0]","['Makita B-14021 Tile Chisel for SDS-Max hammers', 475.0]","['Makita P-13312 - Chisel 75X300 mm Width Series Long Life Insertion Hexagonal 21', 106.15]","['Makita HR2650/2 Rotary Hammer, 800 W, 240 V, Blue, 26 mm', 154.59]","['Makita DDF481Z 18v Lithium-Ion Cordless Driver Drill, Brushless, W/Out Battery', 1183.84]","['Makita DHR263Z Cordless Combination Hammer Drill', 981.05]","['Makita Rotary Hammer 20mm SDS-Plus 710watts HR2020', 502.05]","['Makita A-80818 25mm SDS Max Shank Flat Cold Chisel, 400mm Length', 610.0]","['Makita 9558HNG Electric Angle Grinder 5"" 125mm 840W', 98.94]","['Makita XPH14T 18V LXT® Lithium-Ion Brushless Cordless 1/2"" Hammer Driver-Drill Kit (5.0Ah)', 350.0]","['Makita 763198-1 Keyless Chuck with 1/4"" Hexagon Shank', 138.11]","['Makita DK18113X1-18V G-Series Lithium-ion Cordless Combo Kit', 798.0]","['Makita HR2611F/HR2631F Combination Hammer Drill, 26 mm Size', 999.17]","['Makita Black and Blue 850 Watts Rotary Hammer Drill, HR3200C', 2520.0]","['Bosch Impact Hammer Drill, PSB 680 RE', 250.0]","['Makita HM002GZ03 Twin 40V Li-ion XGT Brushless SDS-Max Demolition Hammer, 80 V', 3842.97]","['Makita B-65648 Demolition Hammer HM0870C, 1100W', 2299.17]","['Makita HM1101C 240 V SDS Max AVT Demolition Hammer in a Carry Case', 2966.16]","['Makita Original Carbon Brushes, 1 Pair Makita Power Tool Original Replacement Parts CB-325, Part Number 195001-2, 194074-2', 13.0]","['Makita HR4013C 110 V AVT Rotary Hammer SDS Max in a Carry Case', 194.95]","['Makita AF506 2"" Brad Nailer, 18 Gauge', 2565.0]","['Makita DDF453Z 18 V Li-ion LXT Cordless Drill Driver, No Batteries Included', 335.0]","['Makita RP0900 - Router (Plunge Type), 8mm', 329.86]","['Makita Cordless Drill, 18 V, 50/25 Nm, 1.7 Kg, Led, Brushless, Ddf485Z', 784.17]","['Makita D-15257 SDS-Plus Bit', 34.8]","['Makita D-21200 SDS Plus Drill and Chisel Set, 17 pc.', 947.0]","['Makita XRH08PTW 18V x2 LXT (36V) Brushless Cordless 1-1/8"" AVT Rotary Hammer Kit, Accepts Sds-Plus Bits w/Hepa Dust Extractor (5.0Ah)', 99.35]","['Makita Rotary Hammer, 18 V, SDS-PLUS, 2,0J LED, BRUSHLESS MOTOR, DHR243Z', 180.84]","['Makita DTD153RFJ 18V Li-Ion Impact Driver', 1331.06]"
1,"['Makita A-85759 ACC Jigsaw Blade No.B24 for Mild Steel', 29.65]","['Makita A-86898 Jigsaw Blades Assortment, Multi-Colour', 19.0]",,,,,,,,,,,,,,,,,,,,,,,,,,,,,,,,,,,,,,,,,,,,,,,,,,,,,,,,,,,,,,,,,,,,,,,,,,,,,,,,,,,,,,,,,,,,,,,,,
2,"['Makita B-65969 Screw driver PZ3 (#3X150)', 23.0]","['Makita DF001DW 3.8V Lithium-ion Cordless Screw Driver with Bits', 211.22]","['Makita P90196 Drill Bit And Screw Driver Bit Set Of 26 Pieces', 85.0]","['Makita P16782 Screw Driver Bit Set 10pcs', 65.0]","['Makita P90180 Ratchet Screw Driver Set 11pcs', 73.0]","['Makita B-65551 Double box spanner set 5pcs.', 110.0]","['Makita P46501 Power Drilling & Screw Driver Set 138pcs', 450.0]","['Makita B-65567 Ratchet & socket set 34pcs.', 180.0]","['Makita DDF481RTJ - 18V Lithium-Ion Cordless Driver Drill, Brushless, with 2 x 18V 5.0 Ah Batteries and Charger', 1858.89]","['Makita DDF481Z 18v Lithium-Ion Cordless Driver Drill, Brushless, W/Out Battery', 981.05]","['Makita DTM51Z 18v Lithium-ion Cordless Multi Tool, 6000-20000 Oscillations, 12 set angles', 526.15]","['Makita Impact Cordless Screwdriver 18V Li-Ion, 140 Nm, DTD155Z', 641.3]",,,,,,,,,,,,,,,,,,,,,,,,,,,,,,,,,,,,,,,,,,,,,,,,,,,,,,,,,,,,,,,,,,,,,,,,,,,,,,,,,,,,,,,
3,"['Makita 800982 D35405 PT ACC Holesaw, 30 mm Diameter', 27.12]","['Makita M3601 MT Series Router Plunge Type 900W 8mm', 355.0]",,,,,,,,,,,,,,,,,,,,,,,,,,,,,,,,,,,,,,,,,,,,,,,,,,,,,,,,,,,,,,,,,,,,,,,,,,,,,,,,,,,,,,,,,,,,,,,,,
4,"['Makita B-65800 Aviation Snip Cuts left', 65.0]","['Makita B-65791 Aviation Snip Cuts straight', 65.0]","['Makita B-65816 Aviation Snip Cuts right', 65.0]",,,,,,,,,,,,,,,,,,,,,,,,,,,,,,,,,,,,,,,,,,,,,,,,,,,,,,,,,,,,,,,,,,,,,,,,,,,,,,,,,,,,,,,,,,,,,,,,
5,"['Makita Circular saw, DSP600ZJ', 1610.51]","['Makita Cordless Circular Saw 18 V, 51 mm, 136x20, DSS501Z', 647.79]","['Makita DLS600Z 18v Lithium-ion Cordless Compound Miter Saw, 165mm, Brushless, W/Out Battery', 3001.56]","['Makita HP347DWE 14.4V G Series Li-Ion Hammer Drill', 589.0]","['Makita P52065 Technicians Pouch Drill and Screwdriver Bit Set (79 Pieces)', 655.0]","['Makita 6413 Rotary Drill with Keyless Chuck 450W', 290.0]","['Makita DJR187Z - 18V Lithium-Ion Cordless Recipro Saw , W/Out Battery', 215.0]","['Makita 5007N - 185mm Circular Saw', 350.0]","['Makita Cordless Brushless Motor Angle Grinder, 18 V - 125mm - 8500 min-1, DGA506Z', 306.7]","['Makita Cordless Circular Saw 18V, 66 mm, Diameter 165 mm x 20 mm, DHS630Z', 2032.16]","['Makita Cordless Multi Tool 18V 6000-20000 Oscillations Per Min, Oscillation Angle 3.2°, Dtm50Z', 784.92]","['Makita GD0603 Straight Grinder 6mm 240W Black Blue', 1267.0]",,,,,,,,,,,,,,,,,,,,,,,,,,,,,,,,,,,,,,,,,,,,,,,,,,,,,,,,,,,,,,,,,,,,,,,,,,,,,,,,,,,,,,,
6,"['Makita B-66117 Go through screw driver PZ3', 26.0]","['Makita D16405 Drill Bits Assorted 9pcs', 450.0]",,,,,,,,,,,,,,,,,,,,,,,,,,,,,,,,,,,,,,,,,,,,,,,,,,,,,,,,,,,,,,,,,,,,,,,,,,,,,,,,,,,,,,,,,,,,,,,,,
7,"['Makita DRT50Z - 18V Lithium-Ion Cordless Trimmer, Brushless, W/Out Battery', 700.0]","['Makita DKP180Z - 18V Lithium-Ion Cordless Planer Lxt 82mm W/Out Battery', 299.0]","['Makita DDF481Z 12v MAX Lithium-Ion Cordless Jig Saw, Brushless, W/Out Battery', 3001.56]","['Makita CC301DWAE 12V Max Lithium-ion Cordless Cutter with 2 x 12V 2.0 Ah Batteries and Charger', 684.65]","['Makita CL106FDZ 12v MAX Lithium-ion Cordless Cleaner', 1858.89]","['Makita DUB184Z 18V Lithium-ion Cordless Blower, Brushless, W/Out Battery', 981.05]","['Makita DTD171Z - 18V Lithium-Ion Cordless Impact Driver, Brushless, XPT, W/Out Battery', 1149.17]",,,,,,,,,,,,,,,,,,,,,,,,,,,,,,,,,,,,,,,,,,,,,,,,,,,,,,,,,,,,,,,,,,,,,,,,,,,,,,,,,,,,,,,,,,,,
8,"['Makita 1 x razor 18 V, 0.65 l, 18 V', 463.22]",,,,,,,,,,,,,,,,,,,,,,,,,,,,,,,,,,,,,,,,,,,,,,,,,,,,,,,,,,,,,,,,,,,,,,,,,,,,,,,,,,,,,,,,,,,,,,,,,,
9,"['Makita DUR191LZX3 brushless Line Trimmer, 18 V', 1299.64]",,,,,,,,,,,,,,,,,,,,,,,,,,,,,,,,,,,,,,,,,,,,,,,,,,,,,,,,,,,,,,,,,,,,,,,,,,,,,,,,,,,,,,,,,,,,,,,,,,
10,"['Makita P-43599 Abrasive Disc Girt K240, 125 mm Diameter', 23.0]","['Makita B-05044 Reciprocating Blade', 99.54]",,,,,,,,,,,,,,,,,,,,,,,,,,,,,,,,,,,,,,,,,,,,,,,,,,,,,,,,,,,,,,,,,,,,,,,,,,,,,,,,,,,,,,,,,,,,,,,,,
11,"['Makita P-45777 Guide Rail Connector Kit', 36.0]","['Makita B-65894 Hex key wrench Set 9pcs.', 62.0]","['Makita D30209 Router Bit Starter Set 6mm 3pcs', 355.0]","['Makita 164095-8 Rip Fence for Circular Saws Guide Rule Bhs630/Bss500/Bss50, Multi-Colour', 73.0]",,,,,,,,,,,,,,,,,,,,,,,,,,,,,,,,,,,,,,,,,,,,,,,,,,,,,,,,,,,,,,,,,,,,,,,,,,,,,,,,,,,,,,,,,,,,,,,
12,"['Makita EBH341U 33.5cc MM4 Brush Cutter', 2158.59]","['Makita DUR190UZX3 Cordless Brush Cutter, 18 V', 249.99]",,,,,,,,,,,,,,,,,,,,,,,,,,,,,,,,,,,,,,,,,,,,,,,,,,,,,,,,,,,,,,,,,,,,,,,,,,,,,,,,,,,,,,,,,,,,,,,,,
13,"['Makita DVC260Z 18v+18v Lithium-Ion Cordless Backpack Vacuum Cleaner', 1199.17]","['Makita 18V+18V LXT - Lithium-ion Cordless Dust Extractor with Bluetooth, Tools Only, DVC864LZX', 599.0]","['Makita Cordless Vacuum Cleaner, DVC862LZ', 865.17]","['Makita DVC265ZXU Twin 18V (36V) Li-ion LXT Brushless Backpack Vacuum Cleaner - Batteries and Charger Not Included', 339.0]","['Makita 18V LXT Cordless Vacuum Cleaner Cyclone Tool Only, DCL500Z', 399.0]","['Makita DVC860LZ 36V (18V x 2) Li-ion Cordless Wet & Dry Vacuum Cleaner Dust Extractor - Skin Only', 299.0]","['Makita DCL180Z Vacuum Cleaner 18V li-ion Cordless with Battery & Charger', 399.0]",,,,,,,,,,,,,,,,,,,,,,,,,,,,,,,,,,,,,,,,,,,,,,,,,,,,,,,,,,,,,,,,,,,,,,,,,,,,,,,,,,,,,,,,,,,,
14,"['Makita B-65981 Screw driver T15 (T15X100 )', 14.0]",,,,,,,,,,,,,,,,,,,,,,,,,,,,,,,,,,,,,,,,,,,,,,,,,,,,,,,,,,,,,,,,,,,,,,,,,,,,,,,,,,,,,,,,,,,,,,,,,,
15,"['Makita P-71928 Tool Holder, Multi', 113.04]",,,,,,,,,,,,,,,,,,,,,,,,,,,,,,,,,,,,,,,,,,,,,,,,,,,,,,,,,,,,,,,,,,,,,,,,,,,,,,,,,,,,,,,,,,,,,,,,,,
16,"['Makita D-07054 ACC Wood 3point Drill Bit, 95 mm Length', 8.76]","['Makita D-07858 ACC Wood Spade Drill Bit, 160 mm Length', 18.89]",,,,,,,,,,,,,,,,,,,,,,,,,,,,,,,,,,,,,,,,,,,,,,,,,,,,,,,,,,,,,,,,,,,,,,,,,,,,,,,,,,,,,,,,,,,,,,,,,
17,"['Makita 9556HNG Electric Angle Grinder 4"" 100mm 840W', 309.43]","['Makita B-12217 Thin Cutting Wheels - Flat Center (B-series) 115x1.0x22.23mm', 4.55]","['Makita 9557HNG - Angle Grinder, 115mm', 309.53]",,,,,,,,,,,,,,,,,,,,,,,,,,,,,,,,,,,,,,,,,,,,,,,,,,,,,,,,,,,,,,,,,,,,,,,,,,,,,,,,,,,,,,,,,,,,,,,,
18,"['Battery suitable for Makita 1220, 1222, 1233, 1234, 1235 12 V 3.0 Ah', 172.86]","['Black+Decker 12V 1.5Ah 900 RPM Cordless Drill Driver with 13 Pieces Bits in Kitbox For Drilling and Fastening, Orange/Black - LD12SP-B5, 2 Years Warranty', 159.0]",,,,,,,,,,,,,,,,,,,,,,,,,,,,,,,,,,,,,,,,,,,,,,,,,,,,,,,,,,,,,,,,,,,,,,,,,,,,,,,,,,,,,,,,,,,,,,,,,
19,"['Makita B-65757 Box Joint WP plier 240mm', 125.0]","['Bosch Isio Cordless Edging and Shrub Shear Set, 3.6 V, 1.5 Ah', 314.1]","['Makita DUC252RF2 36V Li-Ion Chainsaw 10""', 1762.0]","['Makita TD0101 Impact Driver 230W', 455.0]","['Makita UC4041A Electric Chainsaw, 400 mm Size, 1800W', 659.85]",,,,,,,,,,,,,,,,,,,,,,,,,,,,,,,,,,,,,,,,,,,,,,,,,,,,,,,,,,,,,,,,,,,,,,,,,,,,,,,,,,,,,,,,,,,,,,
20,"['Makita 80701 D16639 PT ACC HSS Stainless Steel Drill Bits 5 Pieces 2.5 x 57', 32.49]",,,,,,,,,,,,,,,,,,,,,,,,,,,,,,,,,,,,,,,,,,,,,,,,,,,,,,,,,,,,,,,,,,,,,,,,,,,,,,,,,,,,,,,,,,,,,,,,,,
21,"['Makita BO6050J Random Orbital Sander', 1350.0]","['Makita DBO180Z 18V Li-Ion Orbit Sander W/Out Battery', 204.61]","['Makita BO5030 Random Orbit Sander 125MM', 252.0]","['Makita BO5041 Random Orbit Sander, 300W', 231.72]",,,,,,,,,,,,,,,,,,,,,,,,,,,,,,,,,,,,,,,,,,,,,,,,,,,,,,,,,,,,,,,,,,,,,,,,,,,,,,,,,,,,,,,,,,,,,,,
22,"['Makita DUC252Z Cordless Chain Saw', 1212.02]","['Makita D40216 General Purpose Bit Set 17pcs', 46.0]","['MAKITA ELECTRIC LAWNMOWER, 37CM, 1400W, ELM3720', 599.0]","['Makita D33691 Maccess Accessories Set 71pcs', 215.0]","['Makita DHP483RFJ 18V Li-Ion Hammer Drill', 1470.0]","['Makita DBS180Z Cordless Belt Sander, 18 V', 526.15]","['Makita DCL182ZB Cordless Vacuum Cleaner 18 V Black 100 x 11.5 x 15 cm, 0 W', 410.0]",,,,,,,,,,,,,,,,,,,,,,,,,,,,,,,,,,,,,,,,,,,,,,,,,,,,,,,,,,,,,,,,,,,,,,,,,,,,,,,,,,,,,,,,,,,,
23,"['Makita A-89648 ‘M‘ Force Blade (Advanced Tooth Design) 185mm', 58.0]",,,,,,,,,,,,,,,,,,,,,,,,,,,,,,,,,,,,,,,,,,,,,,,,,,,,,,,,,,,,,,,,,,,,,,,,,,,,,,,,,,,,,,,,,,,,,,,,,,
24,"['Makita B-66042 Screw driver SL6.5 (6.5X125 )', 16.0]",,,,,,,,,,,,,,,,,,,,,,,,,,,,,,,,,,,,,,,,,,,,,,,,,,,,,,,,,,,,,,,,,,,,,,,,,,,,,,,,,,,,,,,,,,,,,,,,,,
25,"['Makita Green Cross Line Laser, Self Leveling, accurate ± 0,3mm/1m, IP54, SK106GDZ', 2061.05]",,,,,,,,,,,,,,,,,,,,,,,,,,,,,,,,,,,,,,,,,,,,,,,,,,,,,,,,,,,,,,,,,,,,,,,,,,,,,,,,,,,,,,,,,,,,,,,,,,
26,"['Makita Glass and Marble Tile Drill Bit with 1/4"" Hex Shank, Feature Drilling Stably,Chip Easily, Opening Neat Smooth, No Broken Edges & Tremor Phenomenon, (4mm Hole)', 21.0]","['Makita Glass and Marble Tile Drill Bit with 1/4"" Hex Shank, Feature Drilling Stably,Chip Easily, Opening Neat Smooth, No Broken Edges & Tremor Phenomenon, (6mm Hole)', 23.0]","['Makita Glass and Marble Tile Drill Bit with 1/4"" Hex Shank, Feature Drilling Stably,Chip Easily, Opening Neat Smooth, No Broken Edges & Tremor Phenomenon, (5mm Hole)', 22.0]",,,,,,,,,,,,,,,,,,,,,,,,,,,,,,,,,,,,,,,,,,,,,,,,,,,,,,,,,,,,,,,,,,,,,,,,,,,,,,,,,,,,,,,,,,,,,,,,
27,"['Makita DFJ214ZL 18V/14.4V/12V Lithium-ion Cordless Fan Jacket - Large, High-visibility type W/Out Battery', 811.99]","['Makita DFJ214ZXL 18V/14.4V/12V Lithium-ion Cordless Fan Jacket - XL, High-visibility type, W/Out Battery', 788.84]",,,,,,,,,,,,,,,,,,,,,,,,,,,,,,,,,,,,,,,,,,,,,,,,,,,,,,,,,,,,,,,,,,,,,,,,,,,,,,,,,,,,,,,,,,,,,,,,,
28,"['Makita 80125 D-16994 PT ACC Holesaw, 16 mm Diameter', 20.47]",,,,,,,,,,,,,,,,,,,,,,,,,,,,,,,,,,,,,,,,,,,,,,,,,,,,,,,,,,,,,,,,,,,,,,,,,,,,,,,,,,,,,,,,,,,,,,,,,,
29,"['Makita 743008-8 Rubber Pad for Grinder A-81125/743009-6', 32.18]",,,,,,,,,,,,,,,,,,,,,,,,,,,,,,,,,,,,,,,,,,,,,,,,,,,,,,,,,,,,,,,,,,,,,,,,,,,,,,,,,,,,,,,,,,,,,,,,,,
30,"['Makita P-31996 Abrasive Disc Girt K240, 150 mm Diameter', 30.91]","['Makita D37150 Maccess Accessories Set 104pcs', 290.0]","['Makita 2107FK Portable Band Saw, 710W', 1875.35]",,,,,,,,,,,,,,,,,,,,,,,,,,,,,,,,,,,,,,,,,,,,,,,,,,,,,,,,,,,,,,,,,,,,,,,,,,,,,,,,,,,,,,,,,,,,,,,,
31,"['Makita B-66020 Screw driver SL4.0 (4X100 )', 10.0]",,,,,,,,,,,,,,,,,,,,,,,,,,,,,,,,,,,,,,,,,,,,,,,,,,,,,,,,,,,,,,,,,,,,,,,,,,,,,,,,,,,,,,,,,,,,,,,,,,
32,"['Makita D-21325-14 Pcs. Bits for SDS-Plus', 110.8]",,,,,,,,,,,,,,,,,,,,,,,,,,,,,,,,,,,,,,,,,,,,,,,,,,,,,,,,,,,,,,,,,,,,,,,,,,,,,,,,,,,,,,,,,,,,,,,,,,
33,"['Makita 532484072 Sawchain 45Cm 18"" Dcs4301, Multi-Colour', 99.35]","['Makita SJ401 Electric Scroll Saw 50W 18mm', 901.55]",,,,,,,,,,,,,,,,,,,,,,,,,,,,,,,,,,,,,,,,,,,,,,,,,,,,,,,,,,,,,,,,,,,,,,,,,,,,,,,,,,,,,,,,,,,,,,,,,
34,"['Makita D13465 PT ACC Straight Bit, 12 mm Shank Diameter', 83.12]","['Makita D-47363 Forstner Drill Bit Set (5 Pieces)', 114.64]",,,,,,,,,,,,,,,,,,,,,,,,,,,,,,,,,,,,,,,,,,,,,,,,,,,,,,,,,,,,,,,,,,,,,,,,,,,,,,,,,,,,,,,,,,,,,,,,,
35,"['Makita B-65713 Pass Thru Socket, 17 mm Size', 16.99]","['Makita B-65698 Pass Thru Socket, 15 mm Size', 16.99]","['Makita B-65648 Pass Thru Socket, 10 mm Size', 15.72]",,,,,,,,,,,,,,,,,,,,,,,,,,,,,,,,,,,,,,,,,,,,,,,,,,,,,,,,,,,,,,,,,,,,,,,,,,,,,,,,,,,,,,,,,,,,,,,,
36,"['Makita DPB180Z 18v Lithium-Ion Cordless Portable Band Saw, 120 x 120mm, W/Out Battery', 1875.35]","['Makita DC18SD 18v Charger Suitable for 14.4v-18v Li-ion Batteries, 18 V, Other, SMALL', 151.39]",,,,,,,,,,,,,,,,,,,,,,,,,,,,,,,,,,,,,,,,,,,,,,,,,,,,,,,,,,,,,,,,,,,,,,,,,,,,,,,,,,,,,,,,,,,,,,,,,
37,"['Makita dcf201z\xa0–\xa0Fan (Black, Turquoise)', 568.62]","['Makita CF101DZ 12v MAX Lithium-ion Cordless Fan with Oscillating Function, W/Out Battery', 409.1]","['Makita DCF102Z 14.4/18V Lithium-ion Cordless Fan with Oscillating Function W/Out Battery', 310.0]",,,,,,,,,,,,,,,,,,,,,,,,,,,,,,,,,,,,,,,,,,,,,,,,,,,,,,,,,,,,,,,,,,,,,,,,,,,,,,,,,,,,,,,,,,,,,,,,
38,"['MAKITA 197214-1 - Convertidor 2 Bateria 18 BCV03', 424.58]",,,,,,,,,,,,,,,,,,,,,,,,,,,,,,,,,,,,,,,,,,,,,,,,,,,,,,,,,,,,,,,,,,,,,,,,,,,,,,,,,,,,,,,,,,,,,,,,,,
39,"['Makita BHX2500 - Petrol Blower, 4 Stroke, 24.5cc', 1190.02]",,,,,,,,,,,,,,,,,,,,,,,,,,,,,,,,,,,,,,,,,,,,,,,,,,,,,,,,,,,,,,,,,,,,,,,,,,,,,,,,,,,,,,,,,,,,,,,,,,
40,"['Makita Cordless Rebar Tier, 18V, XPT, DTR180ZJ', 4152.29]",,,,,,,,,,,,,,,,,,,,,,,,,,,,,,,,,,,,,,,,,,,,,,,,,,,,,,,,,,,,,,,,,,,,,,,,,,,,,,,,,,,,,,,,,,,,,,,,,,
41,"['Makita Cordless Cleaner 18 V Li-ion', 191.44]","['Makita DVC750LZ 18V LXT Brushless Vacuum Cleaner Dry/Wet (Tool Only)', 736.74]","['Makita Cordless Drill/Driver (18\xa0V/4.0\xa0Ah, 2\xa0Batteries and Charging Station in Makpack) DDF459RMJ, blue, DDF459RF4J 0W, 18V', 1927.04]","['Makita DCL180Z - 18V Lithium-Ion Cordless Cleaner, W/Out Battery', 1549.0]",,,,,,,,,,,,,,,,,,,,,,,,,,,,,,,,,,,,,,,,,,,,,,,,,,,,,,,,,,,,,,,,,,,,,,,,,,,,,,,,,,,,,,,,,,,,,,,
42,"['Makita Power Planers - 1902 82mm (3-1/4"")', 693.02]","['Makita Cordless Circular Saw 10,8 V - 85mm, HS301DZ', 1875.35]",,,,,,,,,,,,,,,,,,,,,,,,,,,,,,,,,,,,,,,,,,,,,,,,,,,,,,,,,,,,,,,,,,,,,,,,,,,,,,,,,,,,,,,,,,,,,,,,,
43,"['Makita DUB361Z 18v+18v Li-Ion Cordless 2-Speed Blower W/Out Battery', 764.03]",,,,,,,,,,,,,,,,,,,,,,,,,,,,,,,,,,,,,,,,,,,,,,,,,,,,,,,,,,,,,,,,,,,,,,,,,,,,,,,,,,,,,,,,,,,,,,,,,,
44,"['Makita BO3700 Electric Finishng Sander 180W 93X185mm', 272.43]","['Makita 9237CB 180mm Polisher 240V', 1001.56]",,,,,,,,,,,,,,,,,,,,,,,,,,,,,,,,,,,,,,,,,,,,,,,,,,,,,,,,,,,,,,,,,,,,,,,,,,,,,,,,,,,,,,,,,,,,,,,,,
45,"['Makita DJR185Z 18V Li-Ion Reciprocating Saw W/Out Battery', 416.24]","['Makita DJV180Z - 18V Lithium-Ion Cordless Jig Saw , W/Out Battery', 531.76]","['Makita DRC200Z 18V Li-Ion Robotic Cleaner W/Out Battery', 4376.17]",,,,,,,,,,,,,,,,,,,,,,,,,,,,,,,,,,,,,,,,,,,,,,,,,,,,,,,,,,,,,,,,,,,,,,,,,,,,,,,,,,,,,,,,,,,,,,,,
46,"['Makita D15958 Glass Drill Bit, 5 mm Diameter x 65 mm Overall Length', 21.74]",,,,,,,,,,,,,,,,,,,,,,,,,,,,,,,,,,,,,,,,,,,,,,,,,,,,,,,,,,,,,,,,,,,,,,,,,,,,,,,,,,,,,,,,,,,,,,,,,,
47,"['Makita P-51873 - HSS Drill Bit Set', 74.42]","['3 Piece Titanium Step Drill Bit Set', 25.39]",,,,,,,,,,,,,,,,,,,,,,,,,,,,,,,,,,,,,,,,,,,,,,,,,,,,,,,,,,,,,,,,,,,,,,,,,,,,,,,,,,,,,,,,,,,,,,,,,
48,"['Makita ACC D12164 Straight Router Bit, 6 mm Size', 83.12]","['Makita ACC D12267 Flush Trim Router Bit', 54.96]",,,,,,,,,,,,,,,,,,,,,,,,,,,,,,,,,,,,,,,,,,,,,,,,,,,,,,,,,,,,,,,,,,,,,,,,,,,,,,,,,,,,,,,,,,,,,,,,,
49,"['Makita E-05664 Premium Padded Protective Guide Rail Bag for Track Saw Guide Rails up to 59 in.', 240.45]",,,,,,,,,,,,,,,,,,,,,,,,,,,,,,,,,,,,,,,,,,,,,,,,,,,,,,,,,,,,,,,,,,,,,,,,,,,,,,,,,,,,,,,,,,,,,,,,,,
50,"['Makita Cable Tie Hook and 2\xa0158024\xa01', 35.39]",,,,,,,,,,,,,,,,,,,,,,,,,,,,,,,,,,,,,,,,,,,,,,,,,,,,,,,,,,,,,,,,,,,,,,,,,,,,,,,,,,,,,,,,,,,,,,,,,,
51,"['Makita 837670-0 Type 2 Btd/Btp/Dtw Makpac Tray - Multi-Colour', 32.28]",,,,,,,,,,,,,,,,,,,,,,,,,,,,,,,,,,,,,,,,,,,,,,,,,,,,,,,,,,,,,,,,,,,,,,,,,,,,,,,,,,,,,,,,,,,,,,,,,,
52,"['Makita 763608-8 1/4 Inch Collet, Black', 40.72]",,,,,,,,,,,,,,,,,,,,,,,,,,,,,,,,,,,,,,,,,,,,,,,,,,,,,,,,,,,,,,,,,,,,,,,,,,,,,,,,,,,,,,,,,,,,,,,,,,
53,"['Makita P45135 ACC Wool Bonnet, 180 mm Length', 54.96]","['Makita 3709 Laminate Trimmer 6mm (1/4"")', 334.96]","['Makita ACC B-02945 Nylon Cutting Head for Brush Cutter', 669.61]",,,,,,,,,,,,,,,,,,,,,,,,,,,,,,,,,,,,,,,,,,,,,,,,,,,,,,,,,,,,,,,,,,,,,,,,,,,,,,,,,,,,,,,,,,,,,,,,
54,"['Makita P-51954 Fast Change Countersunk Set', 32.95]",,,,,,,,,,,,,,,,,,,,,,,,,,,,,,,,,,,,,,,,,,,,,,,,,,,,,,,,,,,,,,,,,,,,,,,,,,,,,,,,,,,,,,,,,,,,,,,,,,
55,"['Makita Cordless Nibbler 18V, DJN161Z', 1644.54]","['Makita 18V LXT Cordless Driver Drill 13mm, DF457DWE', 510.34]",,,,,,,,,,,,,,,,,,,,,,,,,,,,,,,,,,,,,,,,,,,,,,,,,,,,,,,,,,,,,,,,,,,,,,,,,,,,,,,,,,,,,,,,,,,,,,,,,
56,"['Makita EA3502S40B Petrol Chain Saw, 16-Inch Size', 1484.43]",,,,,,,,,,,,,,,,,,,,,,,,,,,,,,,,,,,,,,,,,,,,,,,,,,,,,,,,,,,,,,,,,,,,,,,,,,,,,,,,,,,,,,,,,,,,,,,,,,
57,"['Makita DEAADP08 USB Adaptor for 10.8 V / 12 V Max. for Li-ion Batteries', 123.91]",,,,,,,,,,,,,,,,,,,,,,,,,,,,,,,,,,,,,,,,,,,,,,,,,,,,,,,,,,,,,,,,,,,,,,,,,,,,,,,,,,,,,,,,,,,,,,,,,,
58,"['Makita B-65931 Screw driver PH3 (#3X150)', 23.0]","['Makita D58833 Ratchet Screwdriver PH2 25mm', 20.0]",,,,,,,,,,,,,,,,,,,,,,,,,,,,,,,,,,,,,,,,,,,,,,,,,,,,,,,,,,,,,,,,,,,,,,,,,,,,,,,,,,,,,,,,,,,,,,,,,
59,"['Makita D-36980 D36996 Maccess Accessories Set 34pcs', 98.0]","['Makita P-90370 120 Piece Drill and Bit PRO Accessory Set, Green', 266.19]",,,,,,,,,,,,,,,,,,,,,,,,,,,,,,,,,,,,,,,,,,,,,,,,,,,,,,,,,,,,,,,,,,,,,,,,,,,,,,,,,,,,,,,,,,,,,,,,,
60,"['MAKITA HEAT GUN 1500W HG6030K', 249.0]",,,,,,,,,,,,,,,,,,,,,,,,,,,,,,,,,,,,,,,,,,,,,,,,,,,,,,,,,,,,,,,,,,,,,,,,,,,,,,,,,,,,,,,,,,,,,,,,,,
61,"['Makita Cordless Metal Cutter Chip Collection, 18 V, 51mm, 136 mm, DCS552Z', 632.81]","['Makita HR1841F Electric Rotary Hammer Drill 470W 18mm', 561.55]",,,,,,,,,,,,,,,,,,,,,,,,,,,,,,,,,,,,,,,,,,,,,,,,,,,,,,,,,,,,,,,,,,,,,,,,,,,,,,,,,,,,,,,,,,,,,,,,,
62,"['Makita DMR202 Bluetooth Speaker, 18 V', 1165.0]","['Makita DMR200 Jobsite Speaker Cordless Bluetooth, 18 V, Blue/Black, Small', 99.0]",,,,,,,,,,,,,,,,,,,,,,,,,,,,,,,,,,,,,,,,,,,,,,,,,,,,,,,,,,,,,,,,,,,,,,,,,,,,,,,,,,,,,,,,,,,,,,,,,
63,"['Makita P-37122 Sander Belt for 9910 Belt Sander 5-Pieces, 76 mm x 457 mm Size', 41.67]",,,,,,,,,,,,,,,,,,,,,,,,,,,,,,,,,,,,,,,,,,,,,,,,,,,,,,,,,,,,,,,,,,,,,,,,,,,,,,,,,,,,,,,,,,,,,,,,,,
64,"['Makita Impact Cordless LED Brushless Motor screwdriver, DTD154Z', 623.08]","['Makita Impact Cordless Screwdriver, 18 V,Li-ion 165 Nm, LED, DTD152Z', 242.1]","['Makita Impact Cordless Angle Screwdriver, 18 V, 1/4 inch 60 mm, DTL061Z', 876.76]",,,,,,,,,,,,,,,,,,,,,,,,,,,,,,,,,,,,,,,,,,,,,,,,,,,,,,,,,,,,,,,,,,,,,,,,,,,,,,,,,,,,,,,,,,,,,,,,
65,"['Makita Cordless Coffee Maker Cxt/Lxt, Green, 7.8 x 11.2 x 10.3 inches, DCM501Z', 384.48]",,,,,,,,,,,,,,,,,,,,,,,,,,,,,,,,,,,,,,,,,,,,,,,,,,,,,,,,,,,,,,,,,,,,,,,,,,,,,,,,,,,,,,,,,,,,,,,,,,
66,"['Stanley 13MM, 700W Hammer Drill for Drilling Concreate, Metal, Wood, Aluminum with Metal Chuck & Variable speed Impact Drill for DIY, Yellow/Black, SDH700-B5, 2 Year Warranty.', 181.0]","['Black+Decker 18V 1.5Ah 650 RPM Combi Hammer Drill with 2 Batteries in Kitbox for Metal, Wod & Masonry Drilling & Screwdriving/Fastening, Orange/Black - BCD003C2K-GB, 2 Years Warranty', 225.0]","['Black+Decker 650W 115mm Small Angle Grinder with 3 Metal Grinding Discs , Orange/Black - G650MEA1-B5, 2 Years Warranty', 129.0]",,,,,,,,,,,,,,,,,,,,,,,,,,,,,,,,,,,,,,,,,,,,,,,,,,,,,,,,,,,,,,,,,,,,,,,,,,,,,,,,,,,,,,,,,,,,,,,,
67,"['Bosch Glue Gun PKP 18 E (1 x Extra-Length Nozzle, Glue Stick, 240 V)', 109.06]",,,,,,,,,,,,,,,,,,,,,,,,,,,,,,,,,,,,,,,,,,,,,,,,,,,,,,,,,,,,,,,,,,,,,,,,,,,,,,,,,,,,,,,,,,,,,,,,,,
68,"['Ford 600 Watts Electric Impact Drill, 13 mm, FE1-10NCB, 5 Pieces Drill Bits', 129.0]","['Ford tools Electric Impact Drill with 5 PieceS Concrete Drill Bit Set, 500W, FE1-1008', 115.0]",,,,,,,,,,,,,,,,,,,,,,,,,,,,,,,,,,,,,,,,,,,,,,,,,,,,,,,,,,,,,,,,,,,,,,,,,,,,,,,,,,,,,,,,,,,,,,,,,
69,"['Makita 196309-7 Keyless Drill Chuck 10 Bdf343, Multi-Colour', 85.55]","['Makita Cordless Hammer Drill 18V, 91/58 Nm, DHP458Z', 502.21]","['Makita HR2631FT Combination Hammer Drill with Quick Change Chuck, 26 mm', 1209.16]","['Makita 6347DWAE 2 Speed Cordless Driver Drill, 13 mm Size, 18V, 2.0Ah', 1331.16]","['Makita 14.4V LXT Cordless Driver Drill 10mm, DF347DWE', 650.0]",,,,,,,,,,,,,,,,,,,,,,,,,,,,,,,,,,,,,,,,,,,,,,,,,,,,,,,,,,,,,,,,,,,,,,,,,,,,,,,,,,,,,,,,,,,,,,
70,"['Makita D-07565 ACC Auger Drill Bit, 450 mm Length x 10 mm Diameter', 36.29]","['Makita Turquoise Cordless Angle Drill DA3010 10mm (3/8""), 2400 rpm, 450W, 1.6kg', 921.54]",,,,,,,,,,,,,,,,,,,,,,,,,,,,,,,,,,,,,,,,,,,,,,,,,,,,,,,,,,,,,,,,,,,,,,,,,,,,,,,,,,,,,,,,,,,,,,,,,
71,"['Makita DHS680Z - 18V Lithium-Ion Cordless Circular Saw 165mm, W/Out Battery', 1100.17]",,,,,,,,,,,,,,,,,,,,,,,,,,,,,,,,,,,,,,,,,,,,,,,,,,,,,,,,,,,,,,,,,,,,,,,,,,,,,,,,,,,,,,,,,,,,,,,,,,
72,"['Makita B-26761 HSS-G Double End Drill Bit, 4.5 mm x 58 mm Size', 37.87]",,,,,,,,,,,,,,,,,,,,,,,,,,,,,,,,,,,,,,,,,,,,,,,,,,,,,,,,,,,,,,,,,,,,,,,,,,,,,,,,,,,,,,,,,,,,,,,,,,
73,"['Makita Wood Hole Saw Flat Drill Bits, Wood Boring Spade Flat Head Metric Drill Bit (25x150mm)', 12.0]",,,,,,,,,,,,,,,,,,,,,,,,,,,,,,,,,,,,,,,,,,,,,,,,,,,,,,,,,,,,,,,,,,,,,,,,,,,,,,,,,,,,,,,,,,,,,,,,,,
74,"['Makita B-26836 HSS-G Double End Drill Bit, 6 mm x 66 mm Size', 57.81]",,,,,,,,,,,,,,,,,,,,,,,,,,,,,,,,,,,,,,,,,,,,,,,,,,,,,,,,,,,,,,,,,,,,,,,,,,,,,,,,,,,,,,,,,,,,,,,,,,
75,"['Tivoly 11110520001\xa0T-Gun Gun Cartridge Adaptable for Cordless Drills', 276.95]",,,,,,,,,,,,,,,,,,,,,,,,,,,,,,,,,,,,,,,,,,,,,,,,,,,,,,,,,,,,,,,,,,,,,,,,,,,,,,,,,,,,,,,,,,,,,,,,,,
76,"['Makita B-26668 HSS-G Double End Drill Bit, 3 mm x 46 mm Size', 23.0]","['Makita B-26858 HSS-G Double End Drill Bit, 10 mm x 89 mm Size', 150.83]","['Makita B-26799 HSS-G Double End Drill Bit, 5 mm x 62 mm Size', 44.52]",,,,,,,,,,,,,,,,,,,,,,,,,,,,,,,,,,,,,,,,,,,,,,,,,,,,,,,,,,,,,,,,,,,,,,,,,,,,,,,,,,,,,,,,,,,,,,,,
77,"['Makita DTW1001Z 18V Lithium-Ion Cordless Impact Wrench, 19mm, W/Out Battery', 1250.0]",,,,,,,,,,,,,,,,,,,,,,,,,,,,,,,,,,,,,,,,,,,,,,,,,,,,,,,,,,,,,,,,,,,,,,,,,,,,,,,,,,,,,,,,,,,,,,,,,,
78,"['Makita D-07799 ACC Wood Spade Drill Bit, 160 mm Length', 15.09]","['Makita D-07107 ACC Wood 3point Drill Bit, 155 mm Length', 11.93]","['Makita D-07026 ACC Wood 3point Drill Bit, 60 mm Length', 8.13]",,,,,,,,,,,,,,,,,,,,,,,,,,,,,,,,,,,,,,,,,,,,,,,,,,,,,,,,,,,,,,,,,,,,,,,,,,,,,,,,,,,,,,,,,,,,,,,,
79,"['Makita D-06339 HSS Ground Point Drill Bit 10-Piece Pack, 4 mm Diameter x 75 mm Overall Length', 32.49]",,,,,,,,,,,,,,,,,,,,,,,,,,,,,,,,,,,,,,,,,,,,,,,,,,,,,,,,,,,,,,,,,,,,,,,,,,,,,,,,,,,,,,,,,,,,,,,,,,
80,"['Makita D-06498 HSS Ground Point Drill Bit 10-Piece Pack, 8 mm Diameter x 117 mm Overall Length', 104.32]",,,,,,,,,,,,,,,,,,,,,,,,,,,,,,,,,,,,,,,,,,,,,,,,,,,,,,,,,,,,,,,,,,,,,,,,,,,,,,,,,,,,,,,,,,,,,,,,,,
81,,,,,,,,,,,,,,,,,,,,,,,,,,,,,,,,,,,,,,,,,,,,,,,,,,,,,,,,,,,,,,,,,,,,,,,,,,,,,,,,,,,,,,,,,,,,,,,,,,,
82,"['Makita Cordless Drill, 18 V, 40/23 Nm, BL, DDF483Z', 996.0]","['Makita Cordless Drill, 18 V, 40/23 Nm, BL, DDF083Z', 670.0]",,,,,,,,,,,,,,,,,,,,,,,,,,,,,,,,,,,,,,,,,,,,,,,,,,,,,,,,,,,,,,,,,,,,,,,,,,,,,,,,,,,,,,,,,,,,,,,,,
83,"['DEWALT Right Angle Attachment - Impact Ready - DWARA120', 166.54]",,,,,,,,,,,,,,,,,,,,,,,,,,,,,,,,,,,,,,,,,,,,,,,,,,,,,,,,,,,,,,,,,,,,,,,,,,,,,,,,,,,,,,,,,,,,,,,,,,
84,"['Makita Brushless/Cordless Hammer Drill, 18 V, 50/25 Nm, 1,7kg, LED, DHP485Z', 475.65]",,,,,,,,,,,,,,,,,,,,,,,,,,,,,,,,,,,,,,,,,,,,,,,,,,,,,,,,,,,,,,,,,,,,,,,,,,,,,,,,,,,,,,,,,,,,,,,,,,
85,"['Makita DHR171Z - 18V Lithium-Ion Cordless Sub-Compact Rotary Hammer, W/Out Battery', 622.61]",,,,,,,,,,,,,,,,,,,,,,,,,,,,,,,,,,,,,,,,,,,,,,,,,,,,,,,,,,,,,,,,,,,,,,,,,,,,,,,,,,,,,,,,,,,,,,,,,,
86,"['Makita E-05234 Hammer and Tool Holder', 74.26]",,,,,,,,,,,,,,,,,,,,,,,,,,,,,,,,,,,,,,,,,,,,,,,,,,,,,,,,,,,,,,,,,,,,,,,,,,,,,,,,,,,,,,,,,,,,,,,,,,
87,"['Makita D00022/00418 SDS-Plus Hammers Drill Bit, 5 mm Diameter x 110 mm Overall Length', 11.3]",,,,,,,,,,,,,,,,,,,,,,,,,,,,,,,,,,,,,,,,,,,,,,,,,,,,,,,,,,,,,,,,,,,,,,,,,,,,,,,,,,,,,,,,,,,,,,,,,,
88,"['Makita D-00315/00701 SDS-Plus Hammers Drill Bit, 17 mm Diameter x 210 mm Overall Length', 22.37]","['Makita D-00169/00555 SDS-Plus Hammers Drill Bit, 9 mm Diameter x 210 mm Overall Length', 13.51]","['Makita D-00016/00402 SDS-Plus Hammers Drill Bit, 4 mm Diameter x 110 mm Overall Length', 11.3]",,,,,,,,,,,,,,,,,,,,,,,,,,,,,,,,,,,,,,,,,,,,,,,,,,,,,,,,,,,,,,,,,,,,,,,,,,,,,,,,,,,,,,,,,,,,,,,,
89,"['Makita HM0871C 12 lb. AVT® Demolition Hammer, accepts SDS-MAX bits', 2715.88]","['Makita D20111 SDS-Plus Drill & Chisel 13pcS', 105.0]",,,,,,,,,,,,,,,,,,,,,,,,,,,,,,,,,,,,,,,,,,,,,,,,,,,,,,,,,,,,,,,,,,,,,,,,,,,,,,,,,,,,,,,,,,,,,,,,,
90,"['Makita DHR263Z Cordless Combination Hammer Drill', 502.05]","['Black+Decker 18V 1.5Ah Li-Ion Cordless Drill Driver for Wood Drilling & Screwdriving/Fastening, Orange/Black - BCD001C1-GB, 2 Years Warranty', 213.0]","['Black+Decker 18V 1.5Ah Li-Ion Cordless Electric Compact Drill Driver with 2 Batteries in Kitbox for Wood Drilling & Screwdriving/Fastening, Orange/Black - BCD001C2K-GB, 2 Years Warranty', 199.0]","['Makita HR2600 Electric Rotary Hammer Drill 800W 26mm', 561.55]",,,,,,,,,,,,,,,,,,,,,,,,,,,,,,,,,,,,,,,,,,,,,,,,,,,,,,,,,,,,,,,,,,,,,,,,,,,,,,,,,,,,,,,,,,,,,,,
